{
  "projectType": [
    "sap.watt.saptoolsets.fiori.project.ui5template.smartProject",
    "sap.watt.uitools.ide.fiori",
    "sap.watt.saptoolsets.fiori.project.uiadaptation"
  ],
  "generation": [
    {
      "templateId": "ui5template.smartTemplate",
      "templateVersion": "1.40.12",
      "dateTimeStamp": "Fri, 17 Mar 2017 04:29:03 GMT"
    },
    {
      "templateId": "uiadaptation.changespreviewjs",
      "templateVersion": "0.0.0",
      "dateTimeStamp": "Mon, 27 Mar 2017 04:10:59 GMT"
    },
    {
      "templateId": "ui5template.listreportextension",
      "templateVersion": "1.0.0",
      "dateTimeStamp": "Fri, 17 Mar 2017 04:30:59 GMT"
    }
  ],
  "translation": {
    "translationDomain": "",
    "supportedLanguages": "en,fr,de",
    "defaultLanguage": "en",
    "defaultI18NPropertyFile": "i18n.properties",
    "resourceModelName": "i18n"
  },
  "mockpreview": {
    "mockUri": "/sap/opu/odata/sap/ZJITIMONITOR_SRV",
    "metadataFilePath": "",
    "loadJSONFiles": false,
    "loadCustomRequests": false,
    "mockRequestsFilePath": ""
  },
  "basevalidator": {
    "services": {
      "xml": "fioriXmlAnalysis",
      "js": "fioriJsValidator"
    }
  },
  "codeCheckingTriggers": {
    "notifyBeforePush": true,
    "notifyBeforePushLevel": "Error",
    "blockPush": false,
    "blockPushLevel": "Error"
  }
}