{
  "run": [
    {
      "filePath": "/ZJITIMQJ9/webapp/test/flpSandbox.html",
      "previewMode": 1,
      "dataMode": 1,
      "workspace": "withoutWorkspace",
      "ui5ActiveVersion": null,
      "ui5VerSource": null,
      "isDefaultVersion": 0,
      "urlParameters": [],
      "hashParameter": "",
      "backendSystem": [],
      "_metadata": {
        "runnerId": "webapprunner",
        "id": 7457269,
        "displayName": "Run flpSandbox.html",
        "lastRunTimeStamp": 1490587858605
      }
    }
  ]
}