<edmx:Edmx
    xmlns:edmx="http://schemas.microsoft.com/ado/2007/06/edmx"
    xmlns:m="http://schemas.microsoft.com/ado/2007/08/dataservices/metadata"
    xmlns:sap="http://www.sap.com/Protocols/SAPData" Version="1.0">
    <edmx:Reference
        xmlns:edmx="http://docs.oasis-open.org/odata/ns/edmx" Uri="./IWFND/CATALOGSERVICE;v=2/Vocabularies(TechnicalName='%2FIWBEP%2FVOC_COMMON',Version='0001',SAP__Origin='LOCAL')/$value">
        <edmx:Include Namespace="com.sap.vocabularies.Common.v1" Alias="Common"/>
    </edmx:Reference>
    <edmx:DataServices m:DataServiceVersion="2.0">
        <Schema
            xmlns="http://schemas.microsoft.com/ado/2008/09/edm" Namespace="ZJITIMONITOR_SRV" xml:lang="en" sap:schema-version="1">
            <EntityType Name="cjit07" sap:content-version="1">
                <Key>
                    <PropertyRef Name="Mandt"/>
                    <PropertyRef Name="Cnrtl"/>
                    <PropertyRef Name="IntstOld"/>
                    <PropertyRef Name="Aktion"/>
                </Key>
                <Property Name="Mandt" Type="Edm.String" Nullable="false" MaxLength="3" sap:unicode="false" sap:label="Client" sap:creatable="false" sap:updatable="false" sap:sortable="false" sap:filterable="false"/>
                <Property Name="Cnrtl" Type="Edm.String" Nullable="false" MaxLength="4" sap:unicode="false" sap:label="Call Control" sap:creatable="false" sap:updatable="false" sap:sortable="false" sap:filterable="false"/>
                <Property Name="IntstOld" Type="Edm.String" Nullable="false" MaxLength="4" sap:unicode="false" sap:label="Proc.stat.curr." sap:creatable="false" sap:updatable="false" sap:sortable="false" sap:filterable="false"/>
                <Property Name="Aktion" Type="Edm.String" Nullable="false" MaxLength="4" sap:unicode="false" sap:label="Action" sap:creatable="false" sap:updatable="false" sap:sortable="false" sap:filterable="false"/>
                <Property Name="IntstNew" Type="Edm.String" Nullable="false" MaxLength="4" sap:unicode="false" sap:label="Proc.stat.new" sap:creatable="false" sap:updatable="false" sap:sortable="false" sap:filterable="false"/>
            </EntityType>
            <EntityType Name="Z_C_JITIMONITORItemType" sap:label="Consumption View for Component material" sap:content-version="1">
                <Key>
                    <PropertyRef Name="JITCustomer"/>
                    <PropertyRef Name="CallNumber"/>
                    <PropertyRef Name="ComponentGroupNumber"/>
                    <PropertyRef Name="ComponentGroupType"/>
                    <PropertyRef Name="ComponentNumber"/>
                    <PropertyRef Name="Destination"/>
                </Key>
                <Property Name="JITCustomer" Type="Edm.String" Nullable="false" MaxLength="4" sap:display-format="UpperCase" sap:label="JIT Customer"/>
                <Property Name="ComponentMaterial" Type="Edm.String" MaxLength="40" sap:display-format="UpperCase" sap:label="Material" sap:quickinfo="Material Number"/>
                <Property Name="AssemblyPoint" Type="Edm.String" MaxLength="20" sap:label="Assy Loc." sap:quickinfo="Assembly location of parts group at customer site"/>
                <Property Name="CallNumber" Type="Edm.String" Nullable="false" MaxLength="10" sap:display-format="NonNegative" sap:label="Call Number"/>
                <Property Name="ComponentGroupNumber" Type="Edm.String" Nullable="false" MaxLength="10" sap:display-format="NonNegative" sap:label="Comp. Group Inbound" sap:quickinfo="Components Group Number"/>
                <Property Name="ComponentGroupType" Type="Edm.String" Nullable="false" MaxLength="4" sap:display-format="UpperCase" sap:label="Comp. Group Type" sap:quickinfo="Type of Components Group (Delivery)"/>
                <Property Name="ComponentNumber" Type="Edm.String" Nullable="false" MaxLength="6" sap:display-format="NonNegative" sap:label="JIT material no." sap:quickinfo="Internal JIT Material Number for Call Components"/>
                <Property Name="Destination" Type="Edm.String" Nullable="false" MaxLength="4" sap:display-format="UpperCase" sap:label="Destination" sap:quickinfo="Destination of JIT Customer (Delivery Data)"/>
                <Property Name="UnloadingPoint" Type="Edm.String" MaxLength="25" sap:label="Unloading Point"/>
                <Property Name="UnitOfMeasure" Type="Edm.String" MaxLength="3" sap:label="Base Unit of Measure" sap:semantics="unit-of-measure"/>
                <Property Name="CallQuantity" Type="Edm.Decimal" Precision="15" Scale="3" sap:unit="UnitOfMeasure" sap:label="JIT call quantity" sap:quickinfo="Call Quantity"/>
            </EntityType>
            <EntityType Name="Z_C_JITIMONITORSourceType" sap:label="Consumption View for CG material" sap:content-version="1">
                <Key>
                    <PropertyRef Name="JITCustomer"/>
                    <PropertyRef Name="CallNumber"/>
                    <PropertyRef Name="ComponentGroupNumber"/>
                    <PropertyRef Name="ComponentGroupType"/>
                    <PropertyRef Name="ComponentNumber"/>
                    <PropertyRef Name="Destination"/>
                </Key>
                <Property Name="JITCustomer" Type="Edm.String" Nullable="false" MaxLength="4" sap:display-format="UpperCase" sap:label="JIT Customer"/>
                <Property Name="InternalProcessingStatus" Type="Edm.String" MaxLength="4" sap:display-format="UpperCase" sap:label="Processing Status" sap:quickinfo="Internal Processing Status"/>
                <Property Name="PlannedDateTime" Type="Edm.DateTimeOffset" Precision="0" sap:label="Planned dispatch tme" sap:quickinfo="Planned Dispatch Time"/>
                <Property Name="ActualDateTime" Type="Edm.DateTimeOffset" Precision="0" sap:label="Act. ship time" sap:quickinfo="Actual Time of Shipping"/>
                <Property Name="CallControl" Type="Edm.String" MaxLength="4" sap:display-format="UpperCase" sap:label="Call Control"/>
                <Property Name="GroupingInformation" Type="Edm.String" MaxLength="20" sap:display-format="UpperCase" sap:label="Grouping Information" sap:quickinfo="Grouping and Sequencing Information Components Group"/>
                <Property Name="GroupingIndex" Type="Edm.String" MaxLength="6" sap:display-format="NonNegative" sap:label="Grouping Index" sap:quickinfo="Index for Grouping and Sequencing Information"/>
                <Property Name="ComponentGroupMaterial" Type="Edm.String" MaxLength="40" sap:display-format="UpperCase" sap:label="Comp. Group Material" sap:quickinfo="Components Groups Material (Delivery Scope)"/>
                <Property Name="SalesDocument" Type="Edm.String" MaxLength="10" sap:display-format="UpperCase" sap:label="Sales Document"/>
                <Property Name="SalesDocumentItem" Type="Edm.String" MaxLength="6" sap:display-format="NonNegative" sap:label="Sales Document Item"/>
                <Property Name="CallNumber" Type="Edm.String" Nullable="false" MaxLength="10" sap:display-format="NonNegative" sap:label="Call Number"/>
                <Property Name="ComponentGroupNumber" Type="Edm.String" Nullable="false" MaxLength="10" sap:display-format="NonNegative" sap:label="Comp. Group Inbound" sap:quickinfo="Components Group Number"/>
                <Property Name="ComponentGroupType" Type="Edm.String" Nullable="false" MaxLength="4" sap:display-format="UpperCase" sap:label="Comp. Group Type" sap:quickinfo="Type of Components Group (Delivery)"/>
                <Property Name="ComponentNumber" Type="Edm.String" Nullable="false" MaxLength="6" sap:display-format="NonNegative" sap:label="JIT material no." sap:quickinfo="Internal JIT Material Number for Call Components"/>
                <Property Name="Destination" Type="Edm.String" Nullable="false" MaxLength="4" sap:display-format="UpperCase" sap:label="Destination" sap:quickinfo="Destination of JIT Customer (Delivery Data)"/>
                <Property Name="CustomerJITCallNumber" Type="Edm.String" MaxLength="35" sap:label="Customer JITCall no." sap:quickinfo="External Call Number"/>
                <Property Name="SoldToParty" Type="Edm.String" MaxLength="10" sap:display-format="UpperCase" sap:label="Sold-to party" sap:value-list="standard"/>
                <Property Name="PartnerDescription" Type="Edm.String" MaxLength="30" sap:label="Partner Description" sap:quickinfo="Customer description of partner (plant, storage location)"/>
                <NavigationProperty Name="to_SoldToParty" Relationship="ZJITIMONITOR_SRV.assoc_0F920253593FBDE53B5FEFFF7F299070" FromRole="FromRole_assoc_0F920253593FBDE53B5FEFFF7F299070" ToRole="ToRole_assoc_0F920253593FBDE53B5FEFFF7F299070"/>
                <NavigationProperty Name="to_TJITIMONITORItem" Relationship="ZJITIMONITOR_SRV.assoc_8BEE9EE6FBFFB960A5AC53523E595D0E" FromRole="FromRole_assoc_8BEE9EE6FBFFB960A5AC53523E595D0E" ToRole="ToRole_assoc_8BEE9EE6FBFFB960A5AC53523E595D0E"/>
            </EntityType>
            <EntityType Name="Z_I_SoldToPartyType" sap:label="SoldToParty" sap:content-version="1">
                <Key>
                    <PropertyRef Name="Customer"/>
                </Key>
                <Property Name="Customer" Type="Edm.String" Nullable="false" MaxLength="10" sap:display-format="UpperCase" sap:label="Customer" sap:quickinfo="Customer Number"/>
                <Property Name="CreatedBy" Type="Edm.String" MaxLength="12" sap:display-format="UpperCase" sap:label="Created by" sap:quickinfo="Name of Person who Created the Object"/>
                <Property Name="CreatedAt" Type="Edm.DateTime" Precision="0" sap:display-format="Date" sap:label="Created on" sap:quickinfo="Date on which the Record Was Created"/>
                <Property Name="Plant" Type="Edm.String" MaxLength="4" sap:display-format="UpperCase" sap:label="Plant"/>
            </EntityType>
            <Association Name="assoc_8BEE9EE6FBFFB960A5AC53523E595D0E" sap:content-version="1">
                <End Type="ZJITIMONITOR_SRV.Z_C_JITIMONITORSourceType" Multiplicity="1" Role="FromRole_assoc_8BEE9EE6FBFFB960A5AC53523E595D0E"/>
                <End Type="ZJITIMONITOR_SRV.Z_C_JITIMONITORItemType" Multiplicity="*" Role="ToRole_assoc_8BEE9EE6FBFFB960A5AC53523E595D0E"/>
            </Association>
            <Association Name="assoc_0F920253593FBDE53B5FEFFF7F299070" sap:content-version="1">
                <End Type="ZJITIMONITOR_SRV.Z_C_JITIMONITORSourceType" Multiplicity="1" Role="FromRole_assoc_0F920253593FBDE53B5FEFFF7F299070"/>
                <End Type="ZJITIMONITOR_SRV.Z_I_SoldToPartyType" Multiplicity="1" Role="ToRole_assoc_0F920253593FBDE53B5FEFFF7F299070"/>
                <ReferentialConstraint>
                    <Principal Role="ToRole_assoc_0F920253593FBDE53B5FEFFF7F299070">
                        <PropertyRef Name="Customer"/>
                    </Principal>
                    <Dependent Role="FromRole_assoc_0F920253593FBDE53B5FEFFF7F299070">
                        <PropertyRef Name="SoldToParty"/>
                    </Dependent>
                </ReferentialConstraint>
            </Association>
            <EntityContainer Name="ZJITIMONITOR_SRV_Entities" m:IsDefaultEntityContainer="true" sap:supported-formats="atom json xlsx">
                <EntitySet Name="cjit07Set" EntityType="ZJITIMONITOR_SRV.cjit07" sap:creatable="false" sap:updatable="false" sap:deletable="false" sap:pageable="false" sap:content-version="1"/>
                <EntitySet Name="Z_C_JITIMONITORItem" EntityType="ZJITIMONITOR_SRV.Z_C_JITIMONITORItemType" sap:content-version="1"/>
                <EntitySet Name="Z_C_JITIMONITORSource" EntityType="ZJITIMONITOR_SRV.Z_C_JITIMONITORSourceType" sap:content-version="1"/>
                <EntitySet Name="Z_I_SoldToParty" EntityType="ZJITIMONITOR_SRV.Z_I_SoldToPartyType" sap:creatable="false" sap:updatable="false" sap:deletable="false" sap:content-version="1"/>
                <AssociationSet Name="assoc_8BEE9EE6FBFFB960A5AC53523E595D0E" Association="ZJITIMONITOR_SRV.assoc_8BEE9EE6FBFFB960A5AC53523E595D0E" sap:creatable="false" sap:updatable="false" sap:deletable="false" sap:content-version="1">
                    <End EntitySet="Z_C_JITIMONITORSource" Role="FromRole_assoc_8BEE9EE6FBFFB960A5AC53523E595D0E"/>
                    <End EntitySet="Z_C_JITIMONITORItem" Role="ToRole_assoc_8BEE9EE6FBFFB960A5AC53523E595D0E"/>
                </AssociationSet>
                <AssociationSet Name="assoc_0F920253593FBDE53B5FEFFF7F299070" Association="ZJITIMONITOR_SRV.assoc_0F920253593FBDE53B5FEFFF7F299070" sap:creatable="false" sap:updatable="false" sap:deletable="false" sap:content-version="1">
                    <End EntitySet="Z_C_JITIMONITORSource" Role="FromRole_assoc_0F920253593FBDE53B5FEFFF7F299070"/>
                    <End EntitySet="Z_I_SoldToParty" Role="ToRole_assoc_0F920253593FBDE53B5FEFFF7F299070"/>
                </AssociationSet>
                <FunctionImport Name="status" ReturnType="Collection(ZJITIMONITOR_SRV.cjit07)" EntitySet="cjit07Set" m:HttpMethod="GET" sap:action-for="ZJITIMONITOR_SRV.cjit07">
                    <Parameter Name="Intst" Type="Edm.String" Mode="In" MaxLength="4"/>
                    <Parameter Name="Cnrtl" Type="Edm.String" Mode="In" MaxLength="4"/>
                </FunctionImport>
            </EntityContainer>
            <Annotations
                xmlns="http://docs.oasis-open.org/odata/ns/edm" Target="ZJITIMONITOR_SRV.Z_C_JITIMONITORSourceType/SoldToParty">
                <Annotation Term="Common.ValueList">
                    <Record>
                        <PropertyValue Property="Label" String="SoldToParty"/>
                        <PropertyValue Property="CollectionPath" String="Z_I_SoldToParty"/>
                        <PropertyValue Property="SearchSupported" Bool="false"/>
                        <PropertyValue Property="Parameters">
                            <Collection>
                                <Record Type="Common.ValueListParameterInOut">
                                    <PropertyValue Property="LocalDataProperty" PropertyPath="SoldToParty"/>
                                    <PropertyValue Property="ValueListProperty" String="Customer"/>
                                </Record>
                            </Collection>
                        </PropertyValue>
                    </Record>
                </Annotation>
            </Annotations>
            <Annotations
                xmlns="http://docs.oasis-open.org/odata/ns/edm" Target="ZJITIMONITOR_SRV.Z_C_JITIMONITORItemType">
                <Annotation Term="Common.SemanticKey">
                    <Collection>
                        <PropertyPath>Destination</PropertyPath>
                        <PropertyPath>ComponentNumber</PropertyPath>
                        <PropertyPath>ComponentGroupType</PropertyPath>
                        <PropertyPath>ComponentGroupNumber</PropertyPath>
                        <PropertyPath>CallNumber</PropertyPath>
                        <PropertyPath>JITCustomer</PropertyPath>
                    </Collection>
                </Annotation>
            </Annotations>
            <Annotations
                xmlns="http://docs.oasis-open.org/odata/ns/edm" Target="ZJITIMONITOR_SRV.Z_C_JITIMONITORSourceType">
                <Annotation Term="Common.SemanticKey">
                    <Collection>
                        <PropertyPath>Destination</PropertyPath>
                        <PropertyPath>ComponentNumber</PropertyPath>
                        <PropertyPath>ComponentGroupType</PropertyPath>
                        <PropertyPath>ComponentGroupNumber</PropertyPath>
                        <PropertyPath>CallNumber</PropertyPath>
                        <PropertyPath>JITCustomer</PropertyPath>
                    </Collection>
                </Annotation>
            </Annotations>
            <atom:link
                xmlns:atom="http://www.w3.org/2005/Atom" rel="self" href="./sap/ZJITIMONITOR_SRV/$metadata"/>
                <atom:link
                    xmlns:atom="http://www.w3.org/2005/Atom" rel="latest-version" href="./sap/ZJITIMONITOR_SRV/$metadata"/>
                </Schema>
            </edmx:DataServices>
        </edmx:Edmx>