<core:FragmentDefinition xmlns:core="sap.ui.core" xmlns:fb="sap.ui.comp.filterbar" xmlns:l="sap.ui.layout"
	xmlns:smartField="sap.ui.comp.smartfield" xmlns:smartFilterBar="sap.ui.comp.smartfilterbar" xmlns:smartTable="sap.ui.comp.smarttable"
	xmlns="sap.m">
	<Dialog contentHeight="400px" contentWidth="650px" title="Possible Actions" draggable="true" class="sapUiNoContentPadding">
		<content>
			<VBox class="sapUiSmallMarginBeginEnd">
				<smartTable:SmartTable demandPopin="true" editToggled='editToggled' editable="false" enableAutoBinding="true" header="Table Header"
					id="tableGenSmart" persistencyKey="persistentGenSmart" showRowCount="true" smartFilterId="smartFilterBar" tableType="ResponsiveTable"
					useTablePersonalisation="false" useExportToExcel="false" useVariantManagement="false" class="sapUiSmallMarginTop">
					<Table id="innerTableGenSmart" mode="SingleSelectLeft" items = "{ path : 'Action>/res'}" selectionChange="onGeneratedRowSelectionChange">
					
						<columns>
							<Column>
								<Text text="Call Control"/>
							</Column>
							<Column>
								<Text text="Internal Processing Status"/>
							</Column>
							<Column>
								<Text text="Next Processing Status"/>
							</Column>
							<Column>
								<Text text="Action Description"/>
							</Column>
						</columns>
						
							<ColumnListItem>
								<cells>
									<Text text="{Action>Cnrtl}"/>
									<Text text="{Action>IntstOld}"/>
									<Text text="{Action>IntstNew}"/>
									<Text text="{Action>Aktion}"/>
								</cells>
							</ColumnListItem>
						
						
					</Table>
				</smartTable:SmartTable>
				<!--<Text text="{Action>/res/0/Aktion}"></Text>-->
			</VBox>
		</content>
		<buttons>
			<Button id="idAddGeneratedSL" press="onAppendGeneratedSrcList" text="Apply Action"></Button>
			<Button id="idCancelGeneratedSL" press="onDialogGenerateClose" text="Cancel Action"></Button>
		</buttons>
	</Dialog>
</core:FragmentDefinition>